{
    "en": {
        "pleaseInput": "Please Input ",
        "pleaseFillin": "Please Fill in ",
        "pleaseSelect": "Please Select ",
        "select": "Select",
        "index": "Index",
        "startDate": "Start Date",
        "endDate": "End Date",
        "startTime": "Start Time",
        "endTime": "End Time",
        "search": "Search",
        "reset": "Reset",
        "na": "N/A",
        "checkAll": "Check all"
    },
    "zh": {
        "pleaseInput": "请输入",
        "pleaseFillin": "请填写",
        "pleaseSelect": "请选择",
        "select": "选择",
        "index": "序号",
        "startDate": "开始日期",
        "endDate": "结束日期",
        "startTime": "开始时间",
        "endTime": "结束时间",
        "search": "筛选",
        "reset": "重置",
        "na": "未填写",
        "checkAll": "全选"
    }
}